image_name,vehicle_id
013706.jpg,0073
012764.jpg,0073
022259.jpg,0073
015366.jpg,0073
026948.jpg,0073
018221.jpg,0408
021271.jpg,0408
002591.jpg,0408
010800.jpg,0408
014170.jpg,0408
026498.jpg,0408
026089.jpg,0408
021998.jpg,0408
001540.jpg,0408
003594.jpg,0408
030955.jpg,0408
033745.jpg,0465
027906.jpg,0465
028513.jpg,0465
004470.jpg,0465
030662.jpg,0465
019132.jpg,0465
003165.jpg,0465
023647.jpg,0282
028535.jpg,0282
027218.jpg,0282
031108.jpg,0282
019211.jpg,0074
002901.jpg,0074
034048.jpg,0074
036793.jpg,0074
007098.jpg,0074
033470.jpg,0293
032242.jpg,0293
011296.jpg,0418
006875.jpg,0418
020638.jpg,0418
014966.jpg,0442
034977.jpg,0442
029971.jpg,0442
002467.jpg,0442
026749.jpg,0442
012034.jpg,0442
007298.jpg,0247
024190.jpg,0247
020773.jpg,0247
014543.jpg,0251
029127.jpg,0251
027991.jpg,0251
022982.jpg,0251
001225.jpg,0446
030597.jpg,0446
014337.jpg,0446
025816.jpg,0446
023529.jpg,0315
000166.jpg,0315
003016.jpg,0315
007762.jpg,0315
002494.jpg,0315
034989.jpg,0373
010762.jpg,0373
032074.jpg,0373
002097.jpg,0373
034066.jpg,0373
010518.jpg,0373
010594.jpg,0373
033974.jpg,0373
033591.jpg,0373
034386.jpg,0373
017912.jpg,0373
004816.jpg,0373
006840.jpg,0373
022411.jpg,0268
006710.jpg,0268
020509.jpg,0268
020859.jpg,0040
001340.jpg,0040
012240.jpg,0040
026820.jpg,0040
006754.jpg,0292
003297.jpg,0292
006032.jpg,0075
032615.jpg,0075
014563.jpg,0075
030476.jpg,0075
020955.jpg,0075
020463.jpg,0445
006827.jpg,0445
014391.jpg,0445
000930.jpg,0445
002411.jpg,0445
033214.jpg,0445
014956.jpg,0279
020160.jpg,0279
014400.jpg,0279
012905.jpg,0279
009968.jpg,0279
003013.jpg,0357
018861.jpg,0357
012029.jpg,0357
014311.jpg,0357
010428.jpg,0357
018191.jpg,0357
015526.jpg,0357
020719.jpg,0357
010643.jpg,0357
029129.jpg,0357
004576.jpg,0357
029603.jpg,0384
023059.jpg,0384
020504.jpg,0384
024743.jpg,0384
024494.jpg,0384
027725.jpg,0384
027983.jpg,0384
035006.jpg,0384
025624.jpg,0384
002504.jpg,0384
018106.jpg,0384
008963.jpg,0384
023823.jpg,0332
029549.jpg,0332
021045.jpg,0332
012204.jpg,0332
004033.jpg,0332
025055.jpg,0332
029435.jpg,0383
034807.jpg,0383
022528.jpg,0383
026491.jpg,0059
029210.jpg,0059
033768.jpg,0059
035331.jpg,0059
005403.jpg,0059
013797.jpg,0459
000123.jpg,0459
034539.jpg,0459
033716.jpg,0041
018162.jpg,0041
023712.jpg,0041
031363.jpg,0082
009712.jpg,0082
035411.jpg,0082
021128.jpg,0082
004465.jpg,0082
015453.jpg,0297
004368.jpg,0297
029326.jpg,0297
005023.jpg,0297
016038.jpg,0291
026841.jpg,0291
029843.jpg,0094
030349.jpg,0094
019241.jpg,0094
019330.jpg,0094
009104.jpg,0431
022555.jpg,0431
011802.jpg,0431
009416.jpg,0431
032900.jpg,0431
007054.jpg,0431
029866.jpg,0469
025062.jpg,0469
030885.jpg,0307
027654.jpg,0307
033820.jpg,0076
001359.jpg,0076
008096.jpg,0076
020651.jpg,0076
027909.jpg,0076
003029.jpg,0409
014834.jpg,0409
002678.jpg,0409
025672.jpg,0045
029878.jpg,0045
011456.jpg,0045
031375.jpg,0045
030669.jpg,0381
005191.jpg,0381
010915.jpg,0381
010534.jpg,0381
031148.jpg,0381
012495.jpg,0381
007559.jpg,0381
026983.jpg,0381
006340.jpg,0381
000214.jpg,0381
002957.jpg,0381
022308.jpg,0381
007956.jpg,0381
008682.jpg,0381
033904.jpg,0381
003836.jpg,0381
025916.jpg,0313
007435.jpg,0313
035644.jpg,0313
000617.jpg,0313
023302.jpg,0313
024792.jpg,0300
019433.jpg,0300
007951.jpg,0435
005297.jpg,0435
023467.jpg,0435
011028.jpg,0435
002318.jpg,0435
003828.jpg,0435
014500.jpg,0092
029640.jpg,0092
033242.jpg,0092
035377.jpg,0092
028452.jpg,0388
018259.jpg,0388
018131.jpg,0388
001970.jpg,0468
028059.jpg,0468
023314.jpg,0468
028335.jpg,0468
028935.jpg,0468
024153.jpg,0468
010438.jpg,0360
035719.jpg,0360
011872.jpg,0360
034840.jpg,0362
014163.jpg,0362
034426.jpg,0362
000861.jpg,0263
027031.jpg,0263
025359.jpg,0263
028496.jpg,0263
036929.jpg,0263
025856.jpg,0263
031431.jpg,0263
032498.jpg,0263
025293.jpg,0263
022055.jpg,0263
035781.jpg,0263
036833.jpg,0009
036810.jpg,0009
036281.jpg,0009
006582.jpg,0009
014104.jpg,0009
013042.jpg,0434
015092.jpg,0434
016847.jpg,0434
008860.jpg,0434
025990.jpg,0434
007644.jpg,0005
017735.jpg,0005
001615.jpg,0005
014120.jpg,0454
010622.jpg,0454
031984.jpg,0274
017939.jpg,0274
007822.jpg,0274
005347.jpg,0274
015107.jpg,0249
031865.jpg,0249
032429.jpg,0249
018611.jpg,0249
005485.jpg,0010
006950.jpg,0010
010335.jpg,0010
020211.jpg,0010
021471.jpg,0331
013979.jpg,0331
005779.jpg,0331
023106.jpg,0354
022889.jpg,0354
012908.jpg,0354
018300.jpg,0354
008989.jpg,0354
020820.jpg,0354
005670.jpg,0354
006123.jpg,0354
026394.jpg,0354
025607.jpg,0354
001817.jpg,0354
005548.jpg,0354
034258.jpg,0354
004461.jpg,0354
000552.jpg,0471
021371.jpg,0471
009292.jpg,0471
036320.jpg,0471
022926.jpg,0471
018450.jpg,0471
003135.jpg,0392
027191.jpg,0392
030114.jpg,0392
014704.jpg,0392
011668.jpg,0392
014235.jpg,0392
016693.jpg,0392
032786.jpg,0392
015057.jpg,0392
022634.jpg,0375
032653.jpg,0375
016980.jpg,0375
002889.jpg,0375
027744.jpg,0375
001430.jpg,0375
014036.jpg,0375
009840.jpg,0375
011233.jpg,0375
025773.jpg,0375
035730.jpg,0375
026347.jpg,0375
032053.jpg,0375
010811.jpg,0378
003195.jpg,0378
007579.jpg,0378
007481.jpg,0378
033577.jpg,0378
002414.jpg,0378
021918.jpg,0378
019402.jpg,0378
001396.jpg,0378
005427.jpg,0378
003169.jpg,0378
030739.jpg,0378
027393.jpg,0467
016245.jpg,0467
030738.jpg,0467
006672.jpg,0467
011427.jpg,0467
025304.jpg,0419
027441.jpg,0419
009004.jpg,0359
003287.jpg,0359
022745.jpg,0359
014513.jpg,0359
026458.jpg,0359
033699.jpg,0359
024993.jpg,0359
034546.jpg,0359
013924.jpg,0359
026330.jpg,0359
034254.jpg,0359
010923.jpg,0254
021258.jpg,0254
026653.jpg,0254
014347.jpg,0254
034090.jpg,0254
000407.jpg,0024
015192.jpg,0024
031553.jpg,0024
014220.jpg,0024
036133.jpg,0024
015600.jpg,0003
030652.jpg,0003
030125.jpg,0036
016594.jpg,0036
023521.jpg,0036
027541.jpg,0036
025666.jpg,0036
026624.jpg,0350
011197.jpg,0350
006789.jpg,0350
035985.jpg,0284
032511.jpg,0284
026987.jpg,0284
019782.jpg,0284
035789.jpg,0284
018208.jpg,0402
011986.jpg,0402
021587.jpg,0402
029487.jpg,0402
035427.jpg,0402
010745.jpg,0402
035324.jpg,0402
008035.jpg,0402
030399.jpg,0402
012218.jpg,0402
007478.jpg,0402
036240.jpg,0269
011482.jpg,0269
032286.jpg,0080
030948.jpg,0080
028027.jpg,0080
013480.jpg,0080
022690.jpg,0080
001883.jpg,0039
011761.jpg,0039
024952.jpg,0039
032468.jpg,0039
017391.jpg,0407
025586.jpg,0407
005894.jpg,0407
029619.jpg,0407
009182.jpg,0407
019508.jpg,0407
007819.jpg,0407
033155.jpg,0407
033266.jpg,0407
017562.jpg,0407
033613.jpg,0407
004159.jpg,0062
028003.jpg,0062
020710.jpg,0062
016467.jpg,0437
022207.jpg,0437
028828.jpg,0437
000984.jpg,0437
011294.jpg,0437
019694.jpg,0358
001778.jpg,0358
002509.jpg,0358
003893.jpg,0358
013215.jpg,0358
010035.jpg,0358
004517.jpg,0358
010099.jpg,0358
020056.jpg,0358
004054.jpg,0358
013447.jpg,0358
004618.jpg,0358
035495.jpg,0358
035355.jpg,0358
022189.jpg,0461
032580.jpg,0461
017697.jpg,0461
028220.jpg,0461
011343.jpg,0461
036799.jpg,0461
022658.jpg,0253
024325.jpg,0253
024613.jpg,0253
029719.jpg,0253
034561.jpg,0253
016427.jpg,0433
024326.jpg,0433
036277.jpg,0433
032244.jpg,0433
021280.jpg,0433
033835.jpg,0433
032766.jpg,0433
030009.jpg,0433
027379.jpg,0433
006255.jpg,0433
010619.jpg,0433
028962.jpg,0433
015326.jpg,0056
004384.jpg,0056
012020.jpg,0056
023924.jpg,0056
034537.jpg,0056
017424.jpg,0458
007458.jpg,0458
032056.jpg,0458
025610.jpg,0034
031567.jpg,0034
025512.jpg,0034
006824.jpg,0034
027026.jpg,0034
013002.jpg,0019
016213.jpg,0019
021313.jpg,0019
006656.jpg,0019
014214.jpg,0019
033204.jpg,0321
011771.jpg,0321
014906.jpg,0321
007703.jpg,0321
000497.jpg,0423
033102.jpg,0423
019531.jpg,0423
007217.jpg,0423
009969.jpg,0423
033428.jpg,0423
001137.jpg,0309
003273.jpg,0309
017821.jpg,0309
000253.jpg,0309
005359.jpg,0309
033575.jpg,0309
019130.jpg,0309
015455.jpg,0290
002079.jpg,0290
029018.jpg,0406
021774.jpg,0406
031948.jpg,0406
024386.jpg,0032
036697.jpg,0032
004154.jpg,0032
028075.jpg,0032
010732.jpg,0032
024548.jpg,0298
029093.jpg,0298
013976.jpg,0405
030673.jpg,0405
029177.jpg,0405
008763.jpg,0405
022127.jpg,0405
033566.jpg,0405
028984.jpg,0405
029077.jpg,0405
023139.jpg,0405
014975.jpg,0405
035724.jpg,0405
000135.jpg,0029
026051.jpg,0029
012803.jpg,0029
000158.jpg,0029
033219.jpg,0029
034102.jpg,0060
018754.jpg,0060
005060.jpg,0060
032208.jpg,0060
016823.jpg,0060
032156.jpg,0093
035788.jpg,0093
006076.jpg,0093
014727.jpg,0093
028202.jpg,0093
032866.jpg,0361
030256.jpg,0361
025262.jpg,0361
032976.jpg,0031
020748.jpg,0031
026805.jpg,0031
022003.jpg,0031
031175.jpg,0031
029460.jpg,0047
028841.jpg,0047
001032.jpg,0047
036083.jpg,0047
019062.jpg,0047
016778.jpg,0050
003546.jpg,0050
010953.jpg,0050
033017.jpg,0050
026914.jpg,0050
015116.jpg,0413
029216.jpg,0413
031990.jpg,0413
005677.jpg,0413
011775.jpg,0413
019775.jpg,0413
014096.jpg,0413
031716.jpg,0413
025596.jpg,0413
031369.jpg,0413
029874.jpg,0448
010309.jpg,0448
000319.jpg,0448
015668.jpg,0448
007757.jpg,0448
034131.jpg,0448
034534.jpg,0448
013849.jpg,0448
023967.jpg,0448
009015.jpg,0448
027957.jpg,0448
001108.jpg,0425
017824.jpg,0425
014612.jpg,0425
026784.jpg,0425
034211.jpg,0425
017055.jpg,0425
021946.jpg,0425
036260.jpg,0425
033911.jpg,0273
035019.jpg,0273
001246.jpg,0273
013294.jpg,0273
015210.jpg,0273
013399.jpg,0273
021439.jpg,0273
028550.jpg,0273
014057.jpg,0273
028589.jpg,0273
026243.jpg,0273
002416.jpg,0258
007476.jpg,0258
025582.jpg,0258
